rule_id,severity,order_id,customer_id,order_date,amount,status,region,lag_days,_source_value,_target_value,_merge,delta,delta_pct
DQ01,High,ORD002,CUST002,2026-09-06,,SHIPPED,FR,,,,,,
DQ02,Medium,ORD006,CUST002,2026-09-07,220.0,UNKNOWN_STATUS,FR,,,,,,
DQ03,High,ORD001,CUST001,2026-09-05,1200.5,DELIVERED,FR,,,,,,
DQ03,High,ORD001,CUST001,2026-09-05,1200.5,DELIVERED,FR,,,,,,
DQ04,High,ORD005,CUST999,2026-09-05,560.0,DELIVERED,FR,,,,,,
DQ05,Medium,ORD004,CUST004,2026-09-04,89.9,DELIVERED,FR,4.0,,,,,
DQ05,Medium,ORD007,CUST003,2026-08-20,150.0,DELIVERED,BE,19.0,,,,,
DQ05,Medium,ORD010,CUST006,2026-09-01,999.99,DELIVERED,DE,7.0,,,,,
DQ06,High,ORD010,,,,,,,999.99,899.99,both,100.0,11.111234569272993
