run_id,timestamp,rules_executed,pass,fail,error
f418a37f-20f9-41e4-9f2b-19f687f50188,2026-09-07T22:09:53.389145+00:00,7,1,6,0
d50ddda5-b148-4860-893a-27085136ba8e,2026-09-07T22:09:55.317793+00:00,7,1,6,0
9b7e889f-d65f-4df1-9cc1-2eafc0574ad7,2026-09-07T22:42:33.997247+00:00,7,1,6,0
2b1bccab-ad0f-45d4-946e-b03e4df4c5a7,2026-09-07T22:42:35.156406+00:00,7,1,6,0
c8fdc814-7fd8-4800-9dcc-4678567d1489,2026-09-07T22:42:35.734001+00:00,6,1,5,0
be63525c-55d3-4f6f-9398-94ca8f222844,2026-09-07T22:42:36.274470+00:00,6,2,4,0
9a2f0f87-f417-4be2-9614-54979bc89f0e,2026-09-07T22:42:36.792034+00:00,7,1,6,0
14893bdf-c23c-42fe-a6a1-00e30a217159,2026-09-07T22:42:37.277551+00:00,7,1,6,0
a1cc1e78-656a-4348-9149-34cb46118e70,2026-09-07T22:42:41.674877+00:00,7,1,6,0
